"site","totalObs","meanMaxTemp","maxMaxTemp","meanDays18","yearsMaxTemp18","freqMax18","meanResist","meanRMSE","flag"
"MADEP_W0013_T1",51,17.0569964255647,20.6336742795969,1.5,2,0.0588235294117647,485.022410662867,0.813446500569316,""
"MADEP_W0014_T1",51,17.4714580765636,22.8015222987123,3,2,0.0588235294117647,404.401305816183,1.12794085106742,"Flag"
"MADEP_W0096_T1",34,22.7719651248205,24.6514416355661,72.2058823529412,34,1,235.267641093238,0.445931601854654,""
"MADEP_W0099_T1",34,22.8655085888083,24.6624359850012,68.3823529411765,34,1,273.74945674968,0.386903955710398,""
"MADEP_W0124_T1",34,20.612282710055,22.0084242638476,30.4705882352941,34,1,480.179512807766,0.365106681389107,""
"MADEP_W0128_T1",34,22.268790620017,23.3752145880705,87.2352941176471,34,1,274.497524074028,0.632425326541049,""
"MADEP_W0221_T1",72,24.522541097574,27.1618030491787,111.705882352941,34,1,240.415861450265,0.51316725095614,""
"MADEP_W0263_T1",72,22.7220674239177,24.9659610062311,90,34,1,220.736430660381,0.466428712002935,""
"MADEP_W0271_T1",72,20.047519151633,21.9428383194006,32.8823529411765,34,1,295.003784391599,0.434925276670387,""
"MADEP_W0408_T1",117,23.7930063047258,25.1463698522622,80.4117647058823,34,1,212.60949943439,0.546958627006075,""
"MADEP_W0409_T1",117,NA,NA,NA,NA,NA,0,NA,NA
"MADEP_W0423_T1",117,26.2684318964718,27.4389116307097,117.941176470588,34,1,245.745804826727,0.593254094772647,""
"MADEP_W0448_T1",97,21.5180336591073,23.8474405838601,37.6470588235294,34,1,477.023020522922,0.8484029699319,"Flag"
"MADEP_W0454_T1",89,22.0762958780736,25.6752014555636,68.5,34,1,307.703422039592,1.08024154704437,"Flag"
"MADEP_W0486_T1",86,23.8130751653319,25.4690493798071,111.117647058824,34,1,259.63093029237,0.431676206669671,""
"MADEP_W0487_T1",86,21.6355508158325,23.6150566218321,66.7941176470588,34,1,279.121188888291,0.614112152768676,""
"MADEP_W0494_T1",99,24.1224131097351,25.4933154046317,101.441176470588,34,1,248.340920206372,0.513120115647257,""
"MADEP_W0514_T1",110,22.6537528621607,23.7912810696423,80.8823529411765,34,1,231.557184431924,0.646740922879493,""
"MADEP_W0551_T1",95,19.9745573043461,21.0746388761741,25.6470588235294,34,1,519.793670565425,0.334796410768603,""
"MADEP_W0557_T1",100,24.1808117489075,25.6231181826017,86.8529411764706,34,1,184.521630768925,0.47600625064541,""
"MADEP_W0568_T1",48,25.2872178254383,26.5721401917516,111.911764705882,34,1,207.400106609752,0.649984332251882,""
"MADEP_W0624_T1",102,22.6124169856876,23.7635537713362,77.8823529411765,34,1,271.248502248583,0.465949540362455,""
"MADEP_W0661_T1",102,23.2191157185237,24.419315231833,85.1470588235294,34,1,230.781184105973,0.515266612049047,""
"MADEP_W0665_T1",102,22.2361430579206,23.3681740848674,78.5294117647059,34,1,286.129688008628,0.464702587756622,""
"MADEP_W0877_T1",97,NA,NA,NA,NA,NA,0,NA,NA
"MADEP_W0878_T1",97,NA,NA,NA,NA,NA,0,NA,NA
"MADEP_W0889_T1",97,22.024160898559,22.9923875983127,77.0294117647059,34,1,276.256166893517,0.613550463539505,""
"MADEP_W0989_T1",25,20.4530643882055,21.9867962531624,40.4117647058824,34,1,405.463839821856,0.37470202160538,""
"MADEP_W0995_T1",86,18.9630168212978,20.2591767226158,21.8484848484848,33,0.970588235294118,449.227868312883,0.523675261451544,""
"MADEP_W0998_T1",86,23.811760401013,25.3507006088053,104.5,34,1,234.496592603029,0.46243325150978,""
"MADEP_W1022_T1",110,23.0364420404004,24.3282487262087,79.2941176470588,34,1,230.729840940826,0.457577692260385,""
"MADEP_W1031_T1",119,23.8503746384422,25.8160260975848,127.382352941176,34,1,304.192274490802,0.444061094955596,""
"MADEP_W1061_T1",73,23.866887887131,24.9456322790045,121.617647058824,34,1,282.513582405133,0.473924535372057,""
"MADEP_W1098_T1",114,24.2437151936496,25.6592548964803,103.794117647059,34,1,237.436858172697,0.580862008356662,""
"MADEP_W1100_T1",114,25.3805900721184,26.5390693595331,135.647058823529,34,1,427.001695214943,0.440634614617395,""
"MADEP_W1113_T1",114,25.8279664372019,27.1205306942424,132.294117647059,34,1,411.866263325411,0.466590703412165,""
"MADEP_W1119_T1",111,20.2151524151965,21.5282457571173,34.1764705882353,34,1,260.828296636519,0.706909654255845,""
"MADEP_W1151_T1",117,27.2719010651044,28.675234297504,122.705882352941,34,1,302.530531773429,0.623529613706954,""
"MADEP_W1157_T1",117,24.0222122234316,25.302544904996,98.9705882352941,34,1,204.706535159522,0.528145347937835,""
"MADEP_W1283_T1",96,21.5461296938287,23.0753133013808,65.4411764705882,34,1,277.225867632547,0.443637077732466,""
"MADEP_W1357_T1",38,20.0701529735347,21.168719021321,37.5,34,1,350.989096756581,0.47679679721922,""
"MADEP_W1358_T1",38,20.2520533458869,21.4711054198502,38.9705882352941,34,1,342.468788258558,0.464984866874927,""
"MADEP_W1410_T1",34,23.6127699200322,25.1286467663596,80.2352941176471,34,1,209.390130677374,0.562400115144627,""
"MADEP_W1419_T1",72,24.4455214130748,27.1487628847855,113.176470588235,34,1,272.974799917531,0.610759398948166,""
"MADEP_W1432_T1",112,25.3674414813097,26.4529672725996,121.911764705882,34,1,280.48888127911,0.506458556051732,""
"MADEP_W1450_T1",72,20.3835721131477,23.6434271902275,40.9117647058824,34,1,274.593675786144,0.518623569356819,""
"MADEP_W1464_T1",72,21.7172015520442,25.8193790545683,77.2647058823529,34,1,309.307867025391,0.967588072226882,"Flag"
"MADEP_W1466_M1",8,20.3418591773919,21.5334852335496,43.3235294117647,34,1,261.181499547414,0.570974388725416,""
"MADEP_W1548_T1",98,NA,NA,NA,NA,NA,0,NA,NA
"MADEP_W1549_M1",16,21.0723427380691,22.4651534984148,54.5882352941176,34,1,235.228794617264,1.77582373630136,"Flag"
"MADEP_W1549_T1",98,21.1069447104538,23.6416205594945,55.5294117647059,34,1,236.072443541589,0.97257032617681,"Flag"
"MADEP_W1552_M1",16,20.4923822724559,21.6984295153223,42.4411764705882,34,1,273.920337733514,0.849472591752306,"Flag"
"MADEP_W1552_T1",111,20.4797734045595,21.6984295153223,42.3235294117647,34,1,274.609145407635,0.539169890437275,""
"MADEP_W1554_T1",111,19.9896146778585,21.8641845612827,28.7647058823529,34,1,227.012384183452,0.681498608732933,""
"MADEP_W1558_T1",111,NA,NA,NA,NA,NA,0,NA,NA
"MADEP_W1560_T1",114,22.2444249172213,25.462659966798,79.3529411764706,34,1,218.858697429465,0.832290809764891,"Flag"
"MADEP_W1563_T1",114,19.1702229827206,20.2739637070296,15.7272727272727,33,0.970588235294118,348.929772381493,0.556345516267357,""
"MADEP_W1571_T1",114,25.0978549450821,26.7526824233365,103.235294117647,34,1,210.206020981114,0.538946028800079,""
"MADEP_W1573_T1",112,22.2204006354213,23.3610635039542,79.2352941176471,34,1,215.23324171775,0.584343760488217,""
"MADEP_W1574_T1",114,21.9260781310487,23.524384494623,83.2647058823529,34,1,264.422659121068,0.703271003523861,""
"MADEP_W1575_T1",113,22.3215829349545,25.2826175208656,81.2058823529412,34,1,218.56078887106,0.906949995728637,"Flag"
"MADEP_W1588_T1",117,24.9831025130748,26.4910941724947,96.9705882352941,34,1,157.81749902862,0.415130488208151,""
"MADEP_W1590_T1",88,25.9095244427786,27.1880825564422,123.352941176471,34,1,279.887151995735,1.22003954928201,"Flag"
"MADEP_W1593_M1",16,20.9409054522566,22.0946543191613,53.0882352941176,34,1,247.572980834092,1.22719156540406,"Flag"
"MADEP_W1718_T1",106,28.8057943027796,30.4798192957221,190.205882352941,34,1,764.538924903587,0.432813193931804,""
"MADEP_W1719_T1",106,28.7675231150249,30.5305984843583,190.647058823529,34,1,764.562091627634,0.463420993211348,""
"MADEP_W1720_T1",106,26.6781301952012,28.1453365213539,133.264705882353,34,1,329.273531879642,0.841178227141912,"Flag"
"MADEP_W1721_T1",91,24.2033169146971,25.3848644892211,92.6470588235294,34,1,181.016875018946,0.578910063425106,""
"MADEP_W1722_T1",91,22.4728899326604,23.3262688137305,117.323529411765,34,1,290.103839693462,0.331644915439912,""
"MADEP_W1724_T1",85,23.0891403624318,24.3185641080145,100.411764705882,34,1,287.321752789828,0.51286200474741,""
"MADEP_W1725_T1",85,22.9494502014349,24.175931836122,94.6764705882353,34,1,258.132953925592,0.503181275531216,""
"MADEP_W1728_T1",111,20.3882373668188,21.8173839781151,39.5,34,1,247.70853035055,0.654242594628199,""
"MADEP_W1735_T1",99,20.5995547095958,21.7014941879234,45.2647058823529,34,1,283.441335204386,0.777893206707914,""
"MADEP_W1736_T1",64,20.5825965769918,21.7014293385701,45.1176470588235,34,1,283.505278747059,0.53909608070674,""
"MADEP_W1737_T1",99,NA,NA,NA,NA,NA,0,NA,NA
"MADEP_W1753_T1",110,21.6490712114762,22.9280208044501,65.0588235294118,34,1,272.444788760953,0.462524489297734,""
"MADEP_W1761_T1",110,22.4124402119395,23.7759624125626,77.6470588235294,34,1,220.284330135672,0.563118788523873,""
"MADEP_W1769_T1",110,22.5568523625577,23.843990331755,65.2647058823529,34,1,261.528996250681,0.557512788133778,""
"MADEP_W1773_T1",108,22.2524748271175,24.3456107342275,74.5294117647059,34,1,231.327118213334,0.859093247266421,"Flag"
"MADEP_W1774_T1",110,23.9575264623501,25.0798000895299,110.735294117647,34,1,236.03209976967,0.781210073321716,""
"MADEP_W1775_T1",108,20.8663656621548,22.0636027246173,42.0294117647059,34,1,362.193567316374,0.542252731342307,""
"MADEP_W1776_T1",108,20.9262544757948,23.3466386474872,56.7352941176471,34,1,296.240968998197,0.754859515108209,""
"MADEP_W1777_T1",110,24.676210472895,25.8178382015371,104.647058823529,34,1,179.610802212423,0.426168651791668,""
"MADEP_W1782_T1",63,19.4781454704944,20.7994794730344,26.1470588235294,34,1,411.462700619544,0.465869895921811,""
"MADEP_W1784_T1",69,28.7428221822373,29.5131632783743,209.352941176471,34,1,1011.4151023909,1.29042658026261,"Flag"
"MADEP_W1789_T1",76,21.778905802421,23.0880081906403,64.0882352941177,34,1,317.62910573009,0.328426221350546,""
"MADEP_W1799_T1",76,24.5724518588184,26.3770819853865,166.588235294118,34,1,484.540487392877,0.586296411560966,""
"MADEP_W1809_T1",96,21.8331989434212,23.2518693261816,66.1470588235294,34,1,213.997305238126,0.431767303531663,""
"MADEP_W1815_T1",96,21.8191887987096,24.3854028081925,70.2941176470588,34,1,267.030554378741,0.711893432502105,""
"MADEP_W1817_T1",82,22.1531439176422,23.5297089512425,79.5294117647059,34,1,243.415871915342,0.981334631509925,"Flag"
"MADEP_W1818_T1",96,21.9117781442981,23.4159442906736,62.1764705882353,34,1,259.941773723708,0.520376327284519,""
"MADEP_W1820_T1",96,21.7639229714638,23.2030884844004,74.2647058823529,34,1,256.768530337261,0.434703934918737,""
"MADEP_W1822_T1",96,21.1540091400364,22.6277449865359,52.2647058823529,34,1,283.477250017322,0.426464705541395,""
"MADEP_W1823_T1",96,20.3173834683183,21.7877283696153,35.3529411764706,34,1,354.421336572931,0.482495549968601,""
"MADEP_W1824_T1",86,23.06883878867,25.8495170603034,93.8235294117647,34,1,227.624836679583,0.563157594950737,""
"MADEP_W1827_T1",70,19.9335020870178,21.3568292230264,34.0588235294118,34,1,383.060527014506,0.649011568328482,""
"MADEP_W1853_T1",115,22.3137405799841,23.6019187987361,70.2352941176471,34,1,244.913927098529,0.413005496954579,""
"MADEP_W1854_T1",107,23.3567942687309,24.6144276948709,86.7058823529412,34,1,195.515793449268,0.450151098652167,""
"MADEP_W1855_T1",103,20.0449143489134,21.1914723910461,26.0882352941176,34,1,419.052943593932,0.395101047138042,""
"MADEP_W1863_T1",107,20.9787183066512,22.2517851837086,42.8235294117647,34,1,303.744091432942,0.366189386598046,""
"MADEP_W1864_T1",115,21.4998923450532,22.7116671135821,59.4411764705882,34,1,286.071265132644,0.48691856098864,""
"MADEP_W1877_T1",99,24.620571522637,26.1093694313409,99.9411764705882,34,1,230.01175411212,0.471178710678424,""
"MADEP_W1897_T1",108,23.0121788721507,26.9224447953969,86.7058823529412,34,1,215.092369547068,1.03186103430633,"Flag"
"MADEP_W1905_T1",108,19.8150576944419,20.785859011303,39.9411764705882,34,1,380.575697700438,0.44418581320224,""
"MADEP_W1909_T1",109,19.4033446909565,20.4134875873146,27.3823529411765,34,1,419.510114348105,0.445363614826348,""
"MADEP_W1911_T1",109,18.968836161381,19.7742058931028,20.8235294117647,34,1,429.743547701692,0.271244672148001,""
"MADEP_W1912_T1",109,20.3072093741768,21.0985536997357,63.8235294117647,34,1,301.743080486963,0.339354091442569,""
"MADEP_W1924_M1",8,NA,NA,NA,NA,NA,0,NA,NA
"MADEP_W1933_T1",46,23.9284948949185,25.7516826293861,97.2352941176471,34,1,207.481602248401,0.662995389025175,""
"MADEP_W1935_T1",95,24.0540341377841,25.7490011365635,108.676470588235,34,1,241.533379095293,0.461924768422282,""
"MADEP_W1937_T1",95,19.5902016346785,21.2169020408399,18.3823529411765,34,1,535.172279009866,0.396656384133615,""
"MADEP_W1938_T1",95,22.0334583232387,23.2787091514943,63.3823529411765,34,1,314.911250876046,0.327811821185714,""
"MADEP_W1941_T1",95,21.9048418370703,23.1018992661057,65.1764705882353,34,1,315.481937971732,0.293215471875395,""
"MADEP_W1943_T1",95,24.7583074536445,26.0267499389096,98.8529411764706,34,1,174.63215777533,0.428325899715993,""
"MADEP_W1953_T1",95,22.7005651275486,24.0817503750139,79.5882352941177,34,1,259.865418245419,0.33477165777997,""
"MADEP_W1958_T1",102,22.8738686332671,23.9383764241172,88.2352941176471,34,1,240.903063777061,0.505885233325918,""
"MADEP_W1959_T1",102,24.5507935278004,25.7129880755122,101.382352941176,34,1,168.301747641266,0.615155051016521,""
"MADEP_W1965_T1",61,25.2160687756245,26.5899910870555,116,34,1,240.282913774811,0.590114231343889,""
"MADEP_W1967_T1",47,28.4276042720469,30.3002354370439,138.588235294118,34,1,437.159127498736,0.855841388205162,"Flag"
"MADEP_W1968_T1",68,NA,NA,NA,NA,NA,0,NA,NA
"MADEP_W1969_T1",61,26.0300658765888,27.7311310136492,115.588235294118,34,1,216.918667615066,0.46657683831657,""
"MADEP_W1973_T1",74,24.8042845772795,27.1709760868504,125.176470588235,34,1,280.321456201805,0.494370441546722,""
"MADEP_W1975_T1",74,25.6249059405459,27.9705283479011,132.5,34,1,309.044356042123,0.524209872846604,""
"MADEP_W1979_T1",61,24.553616876996,26.0668693769736,105.294117647059,34,1,203.067418991401,0.525199557578965,""
"MADEP_W2002_T1",115,21.897316086252,23.1051592494974,66.5882352941177,34,1,261.755359953273,0.43622724329086,""
"MADEP_W2003_T1",115,23.2184773634805,24.5038480188921,83.7647058823529,34,1,197.458167168798,0.556715090829739,""
"MADEP_W2004_T1",115,23.3241060223623,24.6149424023552,84.7352941176471,34,1,193.271773259518,0.571124907138877,""
"MADEP_W2006_T1",128,19.9905217093215,21.0639981347774,51.1470588235294,34,1,392.363287094945,0.935469889936542,"Flag"
"MADEP_W2007_T1",128,22.1735548288357,23.4879716689663,76.9411764705882,34,1,272.982038492479,0.508454428735393,""
"MADEP_W2008_T1",128,22.2899093329176,23.6724375789266,76.0294117647059,34,1,268.955983986635,0.507889042581679,""
"MADEP_W2033_T1",111,24.324685377724,26.0974396080992,96.0588235294118,34,1,188.075065629003,0.549632105255535,""
"MADEP_W2034_T1",111,24.7697243716951,26.5282459489807,100.823529411765,34,1,181.034319259362,0.552826213127124,""
"MADEP_W2038_T1",111,23.2822226917277,25.0040016799211,87.5294117647059,34,1,226.827860293291,0.542060407256866,""
"MADEP_W2039_T1",111,22.1597248314627,23.8281599918678,63.8823529411765,34,1,325.558345060823,0.491450923583998,""
"MADEP_W2040_T1",111,20.3157319168716,21.994676758334,30.3529411764706,34,1,496.471073917434,0.373497271499268,""
"MADEP_W2043_T1",111,21.0699254877548,22.4415658126211,53.8823529411765,34,1,377.785892522573,0.44984827534049,""
"MADEP_W2045_T1",95,22.8730103564694,24.6116815731162,70.2058823529412,34,1,282.035921721923,0.44651576957986,""
"MADEP_W2050_T1",111,23.5739442276751,24.9927279224591,91.7058823529412,34,1,214.805192611186,0.581774441396985,""
"MADEP_W2053_T1",111,24.9867225161354,26.6803613516237,102.264705882353,34,1,177.874813549209,0.514377721816525,""
"MADEP_W2057_T1",67,23.956869308067,25.1388741023477,112.352941176471,34,1,252.918152339529,0.476899807449592,""
"MADEP_W2058_T1",53,21.5129194242758,22.768869737045,61,34,1,287.111272973209,0.35301190137124,""
"MADEP_W2059_T1",76,21.8836372399289,23.1530542071528,65.0588235294118,34,1,265.726463066667,0.287419491802904,""
"MADEP_W2060_T1",88,20.9091548017613,21.9877376034648,67.1764705882353,34,1,345.191404072179,0.42136045420934,""
"MADEP_W2061_T1",88,22.2204808474903,23.3950655148519,90.1764705882353,34,1,268.25815633548,0.293740073402336,""
"MADEP_W2071_T1",36,16.7404198549294,17.380593436403,NA,NA,NA,675.787204571238,0.228119271077101,""
"MADEP_W2072_T1",96,NA,NA,NA,NA,NA,0,NA,NA
"MADEP_W2073_T1",110,NA,NA,NA,NA,NA,0,NA,NA
"MADEP_W2074_T1",110,22.3700257053446,23.9347961961479,80.2647058823529,34,1,195.074529625398,0.56018831739755,""
"MADEP_W2075_T1",110,NA,NA,NA,NA,NA,0,NA,NA
"MADEP_W2076_T1",103,18.8762546176637,22.8624537266207,10.6875,32,0.941176470588235,434.996374996213,0.913806615681141,"Flag"
"MADEP_W2077_T1",110,NA,NA,NA,NA,NA,0,NA,NA
"MADEP_W2078_T1",53,NA,NA,NA,NA,NA,0,NA,NA
"MADEP_W2079_T1",110,NA,NA,NA,NA,NA,0,NA,NA
"MADEP_W2080_T1",103,22.5912558973608,24.4587146778631,99.5882352941177,34,1,179.92642474884,0.39868309842185,""
"MADEP_W2082_T1",110,NA,NA,NA,NA,NA,0,NA,NA
"MADEP_W2084_T1",110,NA,NA,NA,NA,NA,0,NA,NA
"MADEP_W2085_T1",110,17.3826701702765,18.8210523632517,1.25,4,0.117647058823529,687.517181162938,0.447746468753684,""
"MADEP_W2086_T1",110,NA,NA,NA,NA,NA,0,NA,NA
"MADEP_W2087_T1",110,20.5577810641374,22.9467725454605,59.6176470588235,34,1,299.454424795098,0.637104983486232,""
"MADEP_W2121_T1",76,21.6072756026171,22.8878647202391,62.0882352941176,34,1,291.396947539373,0.434719408374105,""
"MADEP_W2128_T1",51,21.2676316122814,22.8820845907582,45.7352941176471,34,1,366.81198214909,0.424936756581724,""
"MADEP_W2129_T1",133,24.0409080138342,25.6302781062522,89.5588235294118,34,1,161.416739187799,0.436453618078761,""
"MADEP_W2130_T1",133,22.7281190910922,24.391169025383,83.1764705882353,34,1,233.470170144459,0.576308689909473,""
"MADEP_W2131_T1",77,23.6791586813667,25.3636646405503,89.2941176470588,34,1,177.856972493025,0.571302277209651,""
"MADEP_W2132_T1",43,20.8807248178698,22.4079286076129,38.3823529411765,34,1,403.295411137132,0.377424723573943,""
"MADEP_W2133_T1",133,26.0873768529104,28.0366049975228,102.294117647059,34,1,162.268286882967,0.608205231646994,""
"MADEP_W2134_T1",133,26.198419735541,28.1719132537108,121.352941176471,34,1,298.182306366831,0.52570059144395,""
"MADEP_W2135_T1",152,25.1086671510439,26.2663183274144,116.529411764706,34,1,236.950538842056,0.550726644616761,""
"MADEP_W2136_T1",152,24.8020144777634,26.2321583998531,99.5588235294118,34,1,172.596826946132,0.475166072625515,""
"MADEP_W2137_T1",133,21.7784233347547,23.2687287207695,57.0294117647059,34,1,325.273431849671,0.490367736522383,""
"MADEP_W2138_T1",133,25.5936581894806,27.2909588225201,113.676470588235,34,1,242.445202178329,0.566669822510484,""
"MADEP_W2140_T1",152,20.738966685187,22.3687450544881,58.4117647058824,34,1,343.557343047515,0.938402093160763,"Flag"
"MADEP_W2141_T1",121,23.2654502499909,24.6960487792989,87.8529411764706,34,1,217.302931629816,0.668843510727799,""
"MADEP_W2143_T1",132,24.4377290640088,26.5514071906632,93,34,1,163.773297033767,0.567134455599546,""
"MADEP_W2144_T1",132,25.7232257985762,27.7605710648218,113.735294117647,34,1,227.939721673292,0.530669512945729,""
"MADEP_W2145_T1",132,21.026544222109,22.94048660131,40.2058823529412,34,1,422.058265296107,0.480171703588166,""
"MADEP_W2146_T1",121,24.4296264066446,26.6026156072682,100.147058823529,34,1,188.847246152013,0.52581745716759,""
"MADEP_W2147_T1",110,25.5079210375663,27.6169597178174,108.852941176471,34,1,199.362333313699,0.534688872154833,""
"MADEP_W2148_T1",132,24.4042866460435,27.3720488422874,99.3235294117647,34,1,187.85220045929,0.689072208514015,""
"MADEP_W2149_T1",128,25.2068080287625,27.1048164190912,98.9411764705882,34,1,157.903701943869,0.674850852620525,""
"MADEP_W2150_T1",121,26.5239218930703,28.146868958407,133.588235294118,34,1,345.433919690294,0.742488777085946,""
"MADEP_W2151_T1",121,24.2449625609378,25.652048870719,101.352941176471,34,1,205.733761814562,0.525830948017547,""
"MADEP_W2152_T1",152,25.1650685366654,26.4937196841666,105.794117647059,34,1,183.689266279126,0.571923395989725,""
"MADEP_W2153_T1",63,23.5786042202222,24.7586286572131,93.3235294117647,34,1,209.869458624535,0.817172324126111,""
"MADEP_W2154_T1",28,23.780743041343,24.8690081452538,95.8529411764706,34,1,204.787797343897,0.740833757041263,""
"MADEP_W2155_T1",152,23.1477522170614,24.4781442194173,86.6176470588235,34,1,225.50502742529,0.723568800989324,""
"MADEP_W2156_T1",152,26.8968152038438,28.5987640704046,133.029411764706,34,1,357.935987776592,0.504724599333447,""
"MADEP_W2157_T1",152,27.198376790519,28.6951349635201,118.058823529412,34,1,267.424815459491,0.524977713780452,""
"MADEP_W2158_T1",132,21.3015378902544,24.0373230645947,48.7647058823529,34,1,215.263248616012,0.765178759583159,""
"MADEP_W2159_T1",132,21.7776550023146,23.1819534913412,69.9117647058823,34,1,294.17697282913,0.514435942619816,""
"MADEP_W2160_T1",121,24.7629321300226,26.8873376958771,85.3823529411765,34,1,136.139927482515,0.645686987982521,""
"MADEP_W2161_T1",121,25.8374210667035,27.7137893957168,119,34,1,272.524209133957,0.640539573983409,""
"MADEP_W2162_T1",121,24.1380561883025,26.2315993760288,106.029411764706,34,1,230.222447157607,0.414024346750307,""
"MADEP_W2167_T1",24,25.1250414250688,26.9367573149024,109.794117647059,34,1,213.356555329369,0.523032026586331,""
"MADEP_W2168_M1",8,22.9876607246611,24.3342208043017,82.5588235294118,34,1,233.568645324721,0.863626063373081,"Flag"
"MAFW_Cent55",237,23.9904309450383,25.1332088503135,99.7352941176471,34,1,203.034161644062,0.557593762216381,""
"MAFW_Cent60",237,23.5322624160239,24.6459078457992,94.9705882352941,34,1,206.313450860528,0.544854902673381,""
"MAFW_Cent65",246,23.2239900264874,24.3382305245942,89.8235294117647,34,1,209.456170284623,0.549171764832963,""
"MAFW_Cent70",252,22.4105195937672,24.8047080474069,76.2941176470588,34,1,242.919144861006,0.721274469301677,""
"MAFW_Emer55",261,23.8123182171356,24.9531466546601,93.5294117647059,34,1,184.619375394661,0.480277382479583,""
"MAFW_Emer60",271,25.0867379549727,26.251334277543,111.147058823529,34,1,226.537638052797,0.532690264059879,""
"MAFW_Emer65",262,24.0205032287808,25.1580479726838,96.4705882352941,34,1,184.391238498511,0.481566886352166,""
"MAFW_Emer70",262,24.2381837989888,25.4021846650105,98.8529411764706,34,1,183.850446210465,0.507045059375943,""
"MAFW_Emer75",284,24.63932632726,26.0230635235306,99.2352941176471,34,1,172.904811457045,0.510052902773591,""
"MAFW_Laur55",262,22.3115248592495,23.6456552739024,65.8235294117647,34,1,242.828831136884,0.543897297812708,""
"MAFW_Laur60",262,22.1623140363684,23.3241133225454,72.6470588235294,34,1,240.081311942476,0.543586935604344,""
"MAFW_Laur65",263,23.3921066686989,24.4870655521647,93.7647058823529,34,1,198.249518318851,0.420768916521365,""
"MAFW_MAAlbe55",58,18.9253482790458,20.062151613426,12.78125,32,0.941176470588235,410.956817962124,0.483259888973489,""
"MAFW_MAAver55",81,19.0522747369662,20.2497421991786,15.8181818181818,33,0.970588235294118,342.688353609033,0.562051800966349,""
"MAFW_MABron55",345,17.4432696817334,19.4115831192956,4.75,4,0.117647058823529,446.000164312084,0.71953094037074,""
"MAFW_MAClak55",241,19.0607622880853,21.6854596467089,12.7878787878788,33,0.970588235294118,357.173076578946,0.693295754123015,""
"MAFW_MACobb55",448,23.2957737402935,25.6809894077808,86.0588235294118,34,1,186.533486220631,0.753067764308208,""
"MAFW_MACold55",445,19.3056746379144,20.8432839643999,19.09375,32,0.941176470588235,477.615150130794,0.634494966492969,""
"MAFW_MAColl55",485,21.1203988274816,23.5165374788275,52.0588235294118,34,1,242.308908271308,0.795765578929483,""
"MAFW_MADunb55",213,17.8647859664977,19.7641132974453,3.07692307692308,13,0.382352941176471,314.016916818305,0.841851977243012,"Flag"
"MAFW_MAFife55",459,15.3781199615924,17.2261030700085,NA,NA,NA,512.066591959847,0.582075602869077,""
"MAFW_MAFirs55",237,18.8070463110506,20.2885083566282,10.9354838709677,31,0.911764705882353,415.097094955042,0.534120173130234,""
"MAFW_MAFull55",79,19.9629057117897,22.0018124447893,30.6176470588235,34,1,282.709620526523,1.04803101000776,"Flag"
"MAFW_MAGibb55",228,17.5633351546324,19.3005329966978,2.5,6,0.176470588235294,435.968542063964,0.600869815040793,""
"MAFW_MAGulf55",470,19.4836685107544,20.9308306222144,20.1818181818182,33,0.970588235294118,362.321850829133,0.724556473677654,""
"MAFW_MAHawk55",59,18.902028281337,20.1011506245042,12.969696969697,33,0.970588235294118,358.950518316975,0.563355696836829,""
"MAFW_MAHogH55",462,19.0022328471609,21.2829596856187,12.21875,32,0.941176470588235,359.624233270417,0.667307127301147,""
"MAFW_MAKear55",493,17.3892069462283,19.3733927052334,2.5,4,0.117647058823529,450.136912424915,0.793929545409692,""
"MAFW_MAKeyu55",101,19.3439478697468,20.5092285084092,18.2121212121212,33,0.970588235294118,365.19490091492,0.691816098818395,""
"MAFW_MALyon55",456,22.7786156703755,25.8029162777236,93.2941176470588,34,1,274.721979530013,1.10711139515586,"Flag"
"MAFW_MAMann55",57,17.5958720757084,19.0364421203241,1.77777777777778,9,0.264705882352941,377.447787365575,0.616079486332593,""
"MAFW_MAMaxw55",210,17.8077655486591,22.2429500434749,4.88888888888889,9,0.264705882352941,435.353761173002,0.822821903015999,""
"MAFW_MAMayn55",457,22.8459462244729,24.6567993270534,79.3529411764706,34,1,184.608129158127,0.744074208634299,""
"MAFW_MAPark55",446,20.8852587866744,23.2515560517962,44.1176470588235,34,1,276.459845733079,0.739099231148942,""
"MAFW_MAPleas55",457,21.3890155078046,23.2900009441291,56.2941176470588,34,1,237.143784538475,0.698149807267173,""
"MAFW_MARoar55",484,19.6157568375515,21.1885921929214,21.6176470588235,34,1,413.26051259576,0.713056653855876,""
"MAFW_MARoar60",499,21.5154457744237,24.2897600737291,66.9705882352941,34,1,229.65983707022,0.841432777614771,"Flag"
"MAFW_MASWac55",415,20.9253986467188,22.354407661767,45.3235294117647,34,1,257.762086129855,0.560878408443543,""
"MAFW_MAShak55",72,19.3347967522555,20.5544581177029,13.3939393939394,33,0.970588235294118,330.455995770964,0.734385804360579,""
"MAFW_MAStag55",502,18.5477479877751,20.5381188486443,8.14814814814815,27,0.794117647058823,451.597347065548,0.686669827271606,""
"MAFW_MAStee55",57,18.7884568394517,20.155404720243,10.1290322580645,31,0.911764705882353,363.459966845656,0.520709895611597,""
"MAFW_MATiff55",261,20.1441447788197,21.4043923102723,35.0588235294118,34,1,264.213847894795,0.688062658674871,""
"MAFW_MATowe55",251,20.4338369489307,21.8012898593784,43.1764705882353,34,1,275.733597106855,0.630073881647331,""
"MAFW_MAUntM55",480,18.2495575538284,20.0326635498632,7.14285714285714,21,0.617647058823529,479.234651274515,0.590952655167568,""
"MAFW_MAWarr55",448,21.6855286052477,23.0894247062313,63.4117647058824,34,1,290.152493221454,0.585409195173472,""
"MAFW_MAWeke55",226,22.0374255964418,23.583238609189,78.7647058823529,34,1,244.261350770434,0.57144110814944,""
"MAFW_MAWhet55",471,19.7405566776746,21.3009421796603,23.4705882352941,34,1,360.329083755721,0.600839610987769,""
"MAFW_MAWhit55",57,18.4266821354837,19.6681827401871,8.08333333333333,24,0.705882352941177,381.978062314619,0.510004148062055,""
"MAFW_MAWilB55",83,19.1007414839007,20.3061730067189,17.0909090909091,33,0.970588235294118,341.081407438468,0.593460687463876,""
"MAFW_Mudd55",261,21.6446923369402,22.7773503132767,59.4411764705882,34,1,308.293057879022,0.472178420506258,""
"MAFW_Mudd60",256,22.7013239688903,23.8614616481094,81.7352941176471,34,1,235.679508528389,0.520217307807949,""
"MAFW_Mudd65",260,21.2700036984343,22.2959690672694,54.4411764705882,34,1,350.193867881658,0.467975837770437,""
"MAFW_Scad60",248,20.2938631263744,21.371456556276,37.0588235294118,34,1,394.881722952452,0.522067423024905,""
"MAFW_Scad65",263,21.3392962721697,22.5263266179064,53.2941176470588,34,1,313.417052371847,0.425080862681407,""
"MAFW_Sprg55",256,21.7898305172823,22.8895402637821,62.7941176470588,34,1,300.744528692375,0.453539650564274,""
"MAFW_Sprg60",261,20.9483262523775,22.0071473090433,56.4411764705882,34,1,346.973193160943,0.454995569246413,""
"MAFW_UCen55",221,21.2029120116065,22.1291658596249,60.1176470588235,34,1,327.232903102534,0.790342767458248,""
"MAUSGS_SEC_30_DL",1739,18.4503059554714,20.5476701690692,5.19230769230769,26,0.764705882352941,476.874826604924,0.630470620859174,""
"MAUSGS_SEC_45_DL",1137,18.3836559949288,21.1315359140448,5.52173913043478,23,0.676470588235294,468.093469545648,0.640623638778609,""
"MAUSGS_SEC_6_DL",2234,18.0981126519669,20.0918993867745,5.21428571428571,14,0.411764705882353,508.756605461313,0.594849957898008,""
"MAUSGS_WB_JIMMY",1214,18.269381868055,20.5633167787252,5,23,0.676470588235294,514.189377707207,0.523226929704215,""
"MAUSGS_WB_MITCHELL",1225,19.5950932001944,21.8044089740198,24.3235294117647,34,1,381.732081212992,0.746734025905542,""
"MAUSGS_WB_OBEAR",1128,19.9102437563599,20.9115374549804,37.0588235294118,34,1,352.457161416275,0.636165188533259,""
"MAUSGS_WEST_BROOK",643,19.2303919375984,20.4982500328221,16.1470588235294,34,1,412.1306286831,0.555256825049169,""
